{
  "servs": [
    {
      "username": "M7B",
      "id": "1350591812192174190"
    },
    {
      "username": "Sparte",
      "id": "1266814351793459281"
    },
    {
      "username": "Saint",
      "id": "1102931176357892199"
    },
    {
      "username": "K3S",
      "id": "1166485160187932772"
    },
    {
      "username": "CTOOL",
      "id": "1255555947833593997"
    },
    {
      "username": "ZCH",
      "id": "1272234696969027749"
    },
    {
      "username": "HS7",
      "id": "1278414743455010897"
    },
    {
      "username": "Mistry",
      "id": "1287068963427057735"
    },
    {
      "username": "S7B",
      "id": "1291095364820144208"
    },
    {
      "username": "Nexus",
      "id": "1265595157819166730"
    },
    {
      "username": "Safeness",
      "id": "1269271728878522388"
    },
    {
      "username": "lxs",
      "id": "1287369668599746612"
    },
    {
      "username": "Luna",
      "id": "1241314992217919488"
    },
    {
      "username": "TOXSB",
      "id": "1292064213560201289"
    },
    {
      "username": "WeL-SB",
      "id": "1330133873929093180"
    },
    {
      "username": "Sudo #Beta",
      "id": "1311780259452158092"
    },
    {
      "username": "VLS",
      "id": "1310642780984311808"
    },
    {
      "username": "Shadow-SB",
      "id": "943628184124018708"
    },
    {
      "username": "Sudo",
      "id": "1311780259452158092"
    },
    {
      "username": "lynia",
      "id": "1268247978423091220"
    },
    {
      "username": "V7B",
      "id": "1336072507102330940"
    },
    {
      "username": "9x0x",
      "id": "1356017510562005103"
    },
    {
      "username": "Sky SB",
      "id": "1348290905953533962"
    },
    {
      "username": "Yuma",
      "id": "1367544898785378374"
    },
    {
      "username": "Kiro SB",
      "id": "1357667814667718746"
    },
    {
      "username": "Reddom",
      "id": "1274437651759632484"
    },
    {
      "username": "Sensei SB",
      "id": "1385927201043517542"
    }
  ],
  "friends": [
    {
      "id": "839527211970723841",
      "username": "Ex"
    },
    {
      "id": "256537914874265610",
      "username": "Ex"
    },
    {
      "id": "1282992671241142273",
      "username": "Ex"
    },
    {
      "id": "790707232290766888",
      "username": "Ex"
    },
    {
      "id": "1211457220156330034",
      "username": "Ex"
    },
    {
      "id": "127131959121018881",
      "username": "Aylan"
    },
    {
      "id": "1285316313555665018",
      "username": "Aka"
    },
    {
      "id": "714502105335070800",
      "username": "T3kashi"
    },
    {
      "id": "1359662009012064357",
      "username": "Slash"
    },
    {
      "id": "327575471787212810",
      "username": "Slash"
    },
    {
      "id": "233231558255837184",
      "username": "Slash"
    },
    {
      "id": "105137161677844480",
      "username": "Slash"
    },
    {
      "id": "146056203397627904",
      "username": "Karma"
    },
    {
      "id": "224223224769019904",
      "username": "Karma"
    },
    {
      "id": "1211457220156330034",
      "username": "Lounaxa"
    },
    {
      "id": "1155891700569481296",
      "username": "Lounaxa"
    }
  ]
}