{
    "new_users": false,
    "enable": true,
    "prefix": "&",
    "language": "fr",
    "status": "idle",
    "device": "desktop",
    "twitch": "https://twitch.tv/002-sans",
    "set_afk": false,
    "nitro_sniper": false,
    "description": null,
    "auto_templates": true,
    "auto_mute_guilds": true,
    "reminder": [],
    "nolock_dm": [],
    "auto_react": [],
    "noleave_guilds": [],
    "noleave_groups": [],
    "payment": {
        "paypal": "002karma",
        "ltc": null
    },
    "clan": {
        "multi": false,
        "guilds": []
    },
    "stats": {
        "sniped": 0,
        "messages_deleted": 0,
        "messages_created": 65
    },
    "anti_group": {
        "status": false,
        "message": null,
        "silent": false,
        "no_leave": [],
        "whitelist": [],
        "no_add": []
    },
    "voice": {
        "connect": true,
        "channelId": null,
        "mute": true,
        "deaf": true,
        "video": true,
        "stream": true,
        "antijoin": [],
        "whitelist": []
    },
    "logger": {
        "guilds": {
            "enable": true,
            "url": "https://discord.com/api/v9/webhooks/1400471462674169886/q43UhJFvWs7upjzfGXjIXdFvSsMxuWAK7B6hr57BMzjB6KWlIoyQ8xEhCQnFSnDmH91M"
        },
        "profiles": {
            "enable": true,
            "url": "https://discord.com/api/v9/webhooks/1400471505867112608/CZcdby3zk8_x5UuVBFSeyRqZAZ4iYaItPI21aDSpkfWmZNB9pEOP4JdHflIblw7VJXnc"
        },
        "lock_url": {
            "enable": true,
            "url": "https://discord.com/api/v9/webhooks/1400471513932496967/biJnSsJm55M8RT8qTX8TcZDXVm2LLMcxiOE9JtLNVPsEPSvTqBpas7rD_WUzrUlay-hV"
        },
        "templates": {
            "enable": true,
            "url": "https://discord.com/api/v9/webhooks/1400968877848002630/gUDqkB7o59adCfTvZuLQWhKYP66JUWhlFrAcfv_OeE582br6RnT5eOZR8GvVw44qW8L1"
        },
        "snipe_url": {
            "enable": true,
            "url": "https://discord.com/api/v9/webhooks/1400471523063758929/wabplQd4zysh0-HiEuVQ8efaz-BI024Y3Mg2YxKxAsMgAtW4oCmyW6pcmBpgEbbiLTkU"
        },
        "anti_group": {
            "enable": true,
            "url": "https://discord.com/api/v9/webhooks/1400471469250711604/nBq9p3BbPBBpG3wo9U9on5FQbjPSfvR3a43-zk4mtXrLxvk3_FGzubfNOeJg0-db2VgJ"
        },
        "ghostpings": {
            "enable": true,
            "url": "https://discord.com/api/v9/webhooks/1400471476544733195/tBNxJ-OQSlFN9sfG6pYnjQPrVH20Gv6ytd6jlNxo6ngEekoEjn5us2LguJdrMzM5-VEB"
        },
        "nitro_sniper": {
            "enable": true,
            "url": "https://discord.com/api/v9/webhooks/1400471497973174294/7iO9RrzOJVhWdd750E7cqb0tlPoKBdj63hvM4x4k4Y3lqbqIDih_L8708D1eZQtbFuYm"
        },
        "message_delete": {
            "enable": true,
            "url": "https://discord.com/api/v9/webhooks/1400471484316520609/uK7WIklAfpyRierBPwqgTRxPdZTZuPwCq0cOyN214a5rU3pI8RFC2hPu5Zn99vTQpNNB"
        },
        "message_update": {
            "enable": true,
            "url": "https://discord.com/api/v9/webhooks/1400471489781829714/GSrWYgphm7Sle3n4tlNLSiN64k82Ymga6Sk78VsKLGXT3yD9VlNcjKZHsMDMi1HeAG0H"
        }
    },
    "snipe_url": [],
    "lock_url": [],
    "blacklist": [],
    "rpc": {
        "status": false,
        "name": "⚡",
        "type": 5,
        "details": "Stealy",
        "platform": "desktop",
        "application_id": "1339555215782707282",
        "assets": {
            "large_image": "mp:external/77_4czkhFeGsUq1JY0nnFNtuZO5CH6qfPaKHpb0sYhY/https/i.imgur.com/0LxRndR.png?width=473&height=473"
        },
        "buttons": [
            "⚡・Stealy"
        ],
        "metadata": {
            "button_urls": [
                "https://discord.gg/F7S9CwSK7p"
            ]
        }
    },
    "spotify": {
        "status": false,
        "name": "Spotify",
        "type": 2,
        "flags": 48,
        "party": {
            "id": "spotify:ID"
        },
        "sync_id": "1J03Vp93ybKIxfzYI4YJtL",
        "metadata": {
            "context_uri": null,
            "artist_ids": [],
            "album_id": "2M2Ae2SvZe3fmzUtlVOV5Z"
        },
        "assets": {
            "large_image": "mp:external/77_4czkhFeGsUq1JY0nnFNtuZO5CH6qfPaKHpb0sYhY/https/i.imgur.com/0LxRndR.png?width=473&height=473"
        },
        "secrets": {
            "join": "44d736dd2cac2417dd86bb0a26c1f11dd8b12754",
            "spectate": "a099af4e7afcd0264b302f052ad658f7f725e742",
            "match": "473638f97aa6997bbc40221cb0c0bb70fd3e25fd"
        }
    },
    "setgame": {
        "status": false,
        "name": "ㅤ",
        "platform": "ps5",
        "type": 0
    },
    "custom": {
        "status": true,
        "state": "SADEK",
        "emoji": null,
        "details": "love"
    },
    "multi": {
        "status": true,
        "interval": 15,
        "type": [],
        "presence": [],
        "rpc": []
    },
    "multispoof": {
        "status": false,
        "devices": []
    },
    "log_color": "#FFFFFF",
    "messages_deleted": 5
}